"address","lat","lon","id"
"221 2nd St NE, Aitkin, MN 56431, USA",46.5332015,-93.7034439,"ChIJ6SNdj1U5sVIRmJw03LXdTSo"
"331 7th St S, Albany, MN 56307, USA",45.6273983,-94.5735106,"ChIJGxdCH8qttVIRdlWc09NCg1Q"
"2530 Bridge Ave, Albert Lea, MN 56007, USA",43.6823803,-93.3585328,"ChIJVaLCehU08YcRAsGJ3kukP64"
"907 N Nokomis NE, Alexandria, MN 56308, USA",45.9006718,-95.3670495,"ChIJ_WIV3QUPylIRFsjCkjzu9b8"
"1701 Broadway St, Alexandria, MN 56308, USA",45.8723864,-95.3768177,"ChIJm6z36mcOylIRFkfYcqU-gRw"
"600 Elm St E, Annandale, MN 55302, USA",45.2581058,-94.1138942,"ChIJ49g0eSyVtFIRCFC3kslNP3I"
"3511 Round Lake Blvd NW, Anoka, MN 55303, USA",45.2178815,-93.3581638,"ChIJH8MucM49s1IRz7ThLlzx2Oc"
"424 W Main St, Anoka, MN 55303, USA",45.2019245,-93.3973697,"ChIJRQ7k3u8-s1IR18EgkerV028"
"7720 149th St W, Apple Valley, MN 55124, USA",44.7329233,-93.2219557,"ChIJsUCsYNQw9ocRNkAuFMV85jU"
"1200 W Oakland Ave, Austin, MN 55912, USA",43.6667975,-92.9889324,"ChIJ2yPlamXR8IcReuMo8_3OpMo"
"104 MN-34, Barnesville, MN 56514, USA",46.6592875,-96.419265,"ChIJScKiYszhyFIRVnpCSearGOo"
"301 Lake Ave S, Battle Lake, MN 56515, USA",46.2844056,-95.7145716,"ChIJ19qoVJyTyVIRJ4thy3yLLlM"
"14136 Baxter Dr Ste 49, Baxter, MN 56401, USA",46.3579178,-94.2244597,"ChIJdTgEnyi8tlIR_uFSJKKG4yI"
"325 S Walnut St, Belle Plaine, MN 56011, USA",44.617102,-93.763389,"ChIJ0USJhZXf9YcR8cTLAiN7A0M"
"1401 Paul Bunyan Dr NW, Bemidji, MN 56601, USA",47.4939794,-94.8988361,"ChIJhQD1j_wtuFIRc5jpYYXaCIU"
"700 Paul Bunyan Dr SE, Bemidji, MN 56601, USA",47.464088,-94.8706834,"ChIJo3FXqLQtuFIR_Geyz_sMSaA"
"2214 Atlantic Ave, Benson, MN 56215, USA",45.3182687,-95.6122991,"ChIJLdTqPCzwylIRmoRd0ZpuQok"
"300 Fern St, Big Lake, MN 55309, USA",45.3330164,-93.7402452,"ChIJu1Uokbhjs1IRL9ecR1GYzec"
"8528 Central Ave NE, Blaine, MN 55434, USA",45.1257966,-93.2359899,"ChIJtd2z66Als1IRKkJRelOcyZ0"
"12721 Central Ave NE, Blaine, MN 55434, USA",45.2009904,-93.2336221,"ChIJ_56zjLwjs1IR3aGdb1RXPk8"
"398 Northtown Dr NE, Blaine, MN 55434, USA",45.1273052,-93.2607516,"ChIJuxQskj0ls1IRxjpTpK9Ej5s"
"317 Hwy Ave S, Blooming Prairie, MN 55917, USA",43.8638234,-93.0484261,"ChIJg-6EuAIp94cRIgZ5K5Ahe2k"
"60 E Broadway, Bloomington, MN 55425, USA",44.8548651,-93.2422148,"ChIJLWE8OWwv9ocRayh4boDxxrM"
"3701 W Old Shakopee Rd Ste 50, Bloomington, MN 55431, USA",44.810527,-93.3268163,"ChIJxYW9arAk9ocRFq24nMWDF2s"
"60 E Broadway, Bloomington, MN 55425, USA",44.8548651,-93.2422148,"ChIJLWE8OWwv9ocRayh4boDxxrM"
"9304 Lyndale Ave S, Bloomington, MN 55420, USA",44.8346956,-93.2893711,"ChIJC3StkwUl9ocRcOk2WO7zLUY"
"1130 Giant Dr, Blue Earth, MN 56013, USA",43.6512912,-94.0950439,"ChIJWUpfrWiL84cRzCjVSr7cO1Q"
"12 Washington St, Brainerd, MN 56401, USA",46.3578647,-94.2094072,"ChIJ41c7uB68tlIRUxKR3XoiRJ4"
"105 Minnesota Ave, Breckenridge, MN 56520, USA",46.2631608,-96.5926834,"ChIJzRcpssRIyVIRFTxxg3nRTkk"
"7749 Zane Ave N, Brooklyn Park, MN 55443, USA",45.0961991,-93.3568305,"ChIJq-mnvFQ3s1IRzAEfqLw2YOw"
"8555 Edinburgh Centre Dr, Minneapolis, MN 55443, USA",45.110646,-93.3055803,"ChIJE5OThZo6s1IROsR3nggpYkE"
"609 Hwy 55, Buffalo, MN 55313, USA",45.1778599,-93.8669647,"EiI2MDkgSHd5IDU1LCBCdWZmYWxvLCBNTiA1NTMxMywgVVNBIhsSGQoUChIJ8d3Z-OejtFIRRAXL_1IheLEQ4QQ"
"1301 Highway 13 East, Burnsville, MN 55337, USA",44.7833157,-93.2569078,"ChIJKX5hDXUw9ocRHAUuwecZQZo"
"407 Frontage Rd NE, Byron, MN 55920, USA",44.0293176,-92.6381396,"ChIJRyE1xd9C94cRrHvX4yV_Gkg"
"603 Esch Dr, Caledonia, MN 55921, USA",43.6395864,-91.5029565,"ChIJkw8VS-jn-4cR0eEPo4yvJDE"
"811 Main St S, Cambridge, MN 55008, USA",45.5654093,-93.2243192,"ChIJnXqIaG2qs1IRXJQnGrf0H3w"
"9 St Olaf Ave S, Canby, MN 56220, USA",44.7080601,-96.2767865,"ChIJySehGgMFiocRyMjVQT6IU5E"
"31943 64th Ave, Cannon Falls, MN 55009, USA",44.4864378,-92.9089746,"ChIJJyN4QRCl94cRwf6cn5FDsEY"
"115 6th St NE a, Cass Lake, MN 56633, USA",47.3832796,-94.605394,"EikxMTUgNnRoIFN0IE5FIGEsIENhc3MgTGFrZSwgTU4gNTY2MzMsIFVTQSIdGhsKFgoUChIJcwsQ-yTYuVIRZkjIsPF6GQ0SAWE"
"11200 Aquila Dr N, Champlin, MN 55316, USA",45.157787,-93.3907005,"ChIJ0QVLUzw5s1IRQ1o7f4JyJno"
"2935 N Chestnut St, Chaska, MN 55318, USA",44.8297788,-93.6030636,"ChIJJ2kcvB8F9ocR2s68evFzIXY"
"311 Main St N, Chatfield, MN 55923, USA",43.8515514,-92.193142,"ChIJNXz25oXz-YcRyIxZXiC7HZM"
"720 Nelson Dr, Clearwater, MN 55320, USA",45.4136781,-94.0525609,"ChIJ5-6vUH6OtFIRwoNqFdsQHog"
"1402 MN-33, Cloquet, MN 55720, USA",46.6923339,-92.4568726,"EiIxNDAyIE1OLTMzLCBDbG9xdWV0LCBNTiA1NTcyMCwgVVNBIhsSGQoUChIJH7VsgTAurlIR8UTvE_jay-0Q-go"
"230 Cokato St W, Cokato, MN 55321, USA",45.0797088,-94.1929143,"ChIJBQ124vLFtFIRkQhrc1S11pc"
"880 MN-23, Cold Spring, MN 56320, USA",45.4594359,-94.4033846,"ChIJIx8P_sn-tFIR-HFvM9j3QAY"
"3959 Central Ave NE, Columbia Heights, MN 55421, USA",45.0399308,-93.2470029,"EjQzOTU5IENlbnRyYWwgQXZlIE5FLCBDb2x1bWJpYSBIZWlnaHRzLCBNTiA1NTQyMSwgVVNBIhsSGQoUChIJHxSBMG0us1IRNnD7iMtHCusQ9x4"
"370 Northdale Blvd NW, Coon Rapids, MN 55433, USA",45.175358,-93.27597,"ChIJKfjuVKgks1IRUXTn3Xz5RMM"
"3595 River Rapids Dr, Coon Rapids, MN 55448, USA",45.1997945,-93.3572165,"ChIJUYw-ODs8s1IRZQXGrsUF76I"
"7175 80th St S, Cottage Grove, MN 55016, USA",44.8330529,-92.9608601,"ChIJBz-C40DQ94cRaeynOl7gtN0"
"1740 University Ave, Crookston, MN 56716, USA",47.7889497,-96.6103283,"ChIJPWZ-zr9bxlIRWpqoQ4SdHMU"
"714 Oak St, Crosby, MN 56441, USA",46.4769627,-93.966348,"ChIJk1zyVtvKtlIRxhM-k2pigTQ"
"36404 Co Rd 66, Crosslake, MN 56442, USA",46.6794637,-94.109809,"EigzNjQwNCBDbyBSZCA2NiwgQ3Jvc3NsYWtlLCBNTiA1NjQ0MiwgVVNBIhwSGgoUChIJTca0iCnXtlIRX7MQDNLbg9sQtJwC"
"6827 Bass Lake Rd, Crystal, MN 55428, USA",45.0543783,-93.3679419,"ChIJPTQy6Nw2s1IRjIiMVXUbTbY"
"108 6th St, Dawson, MN 56232, USA",44.9356041,-96.0548719,"ChIJR4ia4Fw2y1IRGGXbT77KD_k"
"403 W River Rd, Delano, MN 55328, USA",45.0352309,-93.7912757,"ChIJ36zn96OptFIRVdwL5KGB8pM"
"900 McKinley Ave, Detroit Lakes, MN 56501, USA",46.8167112,-95.8418893,"ChIJqeSF-ZVIyFIRgGFbZZgMfqQ"
"4431 Grand Ave, Duluth, MN 55807, USA",46.7470807,-92.1579835,"ChIJI0MxnEpMrlIRka4nX1MPISc"
"307 Canal Park Dr, Duluth, MN 55802, USA",46.7841015,-92.0947323,"EigzMDcgQ2FuYWwgUGFyayBEciwgRHVsdXRoLCBNTiA1NTgwMiwgVVNBIhsSGQoUChIJ622YG-tSrlIRy1wCQtJNOXgQswI"
"5692 Miller Trunk Hwy, Duluth, MN 55811, USA",46.8521121,-92.2798612,"ChIJIYze34-1r1IRGOrDn-EqgRQ"
"3385 Denmark Ave, Eagan, MN 55121, USA",44.8342461,-93.1601224,"ChIJqZUkzMct9ocRQIZ2G5pq48c"
"4630 Rahncliff Rd, Eagan, MN 55122, USA",44.7881386,-93.2071179,"ChIJfYn4wccx9ocRP8EE8u3GP-4"
"1412 Central Ave NW, East Grand Forks, MN 56721, USA",47.9390065,-97.0193034,"ChIJEWfPE5uGxlIRcrmJUQg2uxM"
"8251 Flying Cloud Dr Ste 125, Eden Prairie, MN 55344, USA",44.8535857,-93.4250291,"ChIJg4C3tZgY9ocRqZPuo35M1_s"
"16340 Terrey Pine Dr, Eden Prairie, MN 55344, USA",44.8606033,-93.4847526,"ChIJ7fuRh0YZ9ocRYAo_aGHSTbE"
"10 Southdale Center, Edina, MN 55435, USA",44.8806577,-93.3247802,"ChIJmSzCV6Ym9ocRsp5t6VYUFtA"
"7700 Normandale Blvd, Edina, MN 55439, USA",44.8633126,-93.3521393,"ChIJM-dBku4j9ocRGExZSewSib8"
"403 Morton Ave NW, Elk River, MN 55330, USA",45.3056084,-93.5727164,"ChIJ6QSHnjtps1IRQzN9ieJGVjA"
"1441 E Sheridan St, Ely, MN 55731, USA",47.9033764,-91.8446153,"ChIJo4fAIqa6pVIR6fIHSXTOYrs"
"1326 E Blue Earth Ave, Fairmont, MN 56031, USA",43.6518498,-94.4433133,"ChIJS_BlV-F-84cRoWo9RkST_2U"
"309 Lyndale Ave N, Faribault, MN 55021, USA",44.2938539,-93.2894301,"ChIJ7ecixCL39ocRb9mn_m_0d_c"
"4050 MN-60, Faribault, MN 55021, USA",44.2911845,-93.3121782,"ChIJpdsQvsP29ocR-72pYzktJxg"
"705 Willow St, Farmington, MN 55024, USA",44.6442596,-93.1374646,"ChIJlciI5IlK9ocR7kwPpbnfSMc"
"719 E Vernon Ave, Fergus Falls, MN 56537, USA",46.278564,-96.0619611,"ChIJN-6fVH92yVIRUGcOOMpXCM4"
"555 Lake St S, Forest Lake, MN 55025, USA",45.2728876,-92.9828553,"ChIJEZ_j7-7nslIRJt-cFEmaZQg"
"400 1st St E, Fosston, MN 56542, USA",47.5739463,-95.7479918,"EiQ0MDAgMXN0IFN0IEUsIEZvc3N0b24sIE1OIDU2NTQyLCBVU0EiGxIZChQKEgntHKO5hu3HUhEe9hw2kRSqqRCQAw"
"225 Osborne Rd NE, Fridley, MN 55432, USA",45.1068996,-93.2674188,"ChIJmeB5Olcls1IRtHJ5rzSX-70"
"227 10th St E, Glencoe, MN 55336, USA",44.7691936,-94.1586747,"ChIJ1XWhmPuR9YcRLSXVhCXoQFQ"
"243 Minnesota Ave W, Glenwood, MN 56334, USA",45.6500489,-95.3955509,"ChIJWQkgablvylIR2jONGrt4KUY"
"7825 Medicine Lake Rd, Golden Valley, MN 55427, USA",45.0070345,-93.3794616,"ChIJvWl0PjY0s1IRnKoTV86tcSI"
"7724 Olson Memorial Hwy, Golden Valley, MN 55427, USA",44.9844754,-93.3781979,"ChIJmUZMzf40s1IRKU_cIxPr8K4"
"120 MN-61, Grand Marais, MN 55604, USA",47.7516848,-90.3306025,"ChIJjwCVbx3Ap1IRJQis3id8I-o"
"1940 S Pokegama Ave, Grand Rapids, MN 55744, USA",47.2113883,-93.5281238,"ChIJtR4YDyeQsFIRuUQqgY2tztE"
"560 US-212, Granite Falls, MN 56241, USA",44.8062368,-95.5468399,"ChIJDX8bObmciocRvQkPeyt5-TY"
"17650 MN-65, Ham Lake, MN 55304, USA",45.291438,-93.2352351,"ChIJF3YoBiAZs1IRP6_pYs7a-eE"
"1205 Vermillion St, Hastings, MN 55033, USA",44.7344782,-92.8521586,"ChIJk_PnXFHB94cRedertwrynPI"
"1310 Hobart St, Hawley, MN 56549, USA",46.8775963,-96.329617,"ChIJvzqzP_zxyFIRHbSzJpwXihA"
"4703 Mall Dr, Hermantown, MN 55811, USA",46.8134813,-92.1758113,"ChIJ1SLOvTCzr1IRbaEQGwfLrSw"
"615 W 41st St, Hibbing, MN 55746, USA",47.4005017,-92.9492371,"ChIJn2OaDhAKsFIRUHshP53P73A"
"105 Grindstone Ct, Hinckley, MN 55037, USA",46.0123226,-92.9282113,"ChIJv66ELdE8slIRb5bGnBizLro"
"1800 Main St, Hopkins, MN 55343, USA",44.9241853,-93.4230472,"ChIJUT9kFokf9ocRndaREwa7n2Q"
"510 Blake Rd N, Hopkins, MN 55343, USA",44.9336518,-93.3862562,"ChIJ-yZR_WYg9ocRkuFw9UfJ9Dw"
"46 Main St N, Hutchinson, MN 55350, USA",44.893251,-94.3696415,"ChIJOzZCf0SA9YcRc-DGNnpAg24"
"1306 3rd Ave, International Falls, MN 56649, USA",48.5924934,-93.4035831,"ChIJnx35t3R8u1IRmTvCX1NcOEg"
"6655 Cahill Ave, Inver Grove Heights, MN 55076, USA",44.8529316,-93.0453554,"ChIJI-lrnLHT94cR5UfniVdr8tA"
"1021 US-71, Jackson, MN 56143, USA",43.6383928,-94.9959839,"ChIJkfloCjZU84cRXdRANuDoVEs"
"106 E 1st St, Janesville, MN 56048, USA",44.1163795,-93.7067257,"ChIJrQbaDNSd9ocRGVP_1eBQcj8"
"821 N Lakeshore Dr, Lake City, MN 55041, USA",44.4552297,-92.2763314,"ChIJ68A-Eokx-IcRmNjlbkxWBYI"
"232 MN-60, Lake Crystal, MN 56055, USA",44.1104686,-94.2202112,"EiYyMzIgTU4tNjAsIExha2UgQ3J5c3RhbCwgTU4gNTYwNTUsIFVTQSIbEhkKFAoSCTPE5Ki5RPSHETBWkXOmiTHgEOgB"
"10950 175th Ct W, Lakeville, MN 55044, USA",44.6951045,-93.2874055,"ChIJJ4c5GLI59ocRyCaGqpBZGKM"
"4131 Woodland Rd, Circle Pines, MN 55014, USA",45.1392387,-93.1659114,"ChIJW5pFJFcms1IRX1ZoXQTR5bw"
"13105 Lake Blvd, Lindstrom, MN 55045, USA",45.3899791,-92.8410841,"ChIJKUGtahbtslIReY20KBNDWuA"
"2110 Northern Lights Blvd, Lino Lakes, MN 55038, USA",45.1626012,-93.0353686,"ChIJs6348t7bslIRL7477caR7OA"
"625 Apollo Dr, Lino Lakes, MN 55014, USA",45.1841566,-93.1097187,"ChIJIS4OAk3fslIRyZhRc3Ua7z0"
"1009 N Sibley Ave (Hwy 12, Litchfield, MN 55355, United States",45.1381038,-94.5291004,"ChIJl62fqvcjtVIRFJWOYfUKPsI"
"1012 Haven Rd, Little Falls, MN 56345, USA",45.987315,-94.3528389,"ChIJF-diNycltFIRzbu6fyUZSaY"
"710 Commerce Rd, Long Prairie, MN 56347, USA",45.9625705,-94.8648669,"ChIJQ6lN3yfdtVIREUEJFHj2v0A"
"711 8th Ave, Madison, MN 56256, USA",45.0158304,-96.1964095,"ChIJEfOfbtRFy1IRz1kyNmqm_JY"
"850 Wildwood Rd, Mahtomedi, MN 55115, USA",45.0498128,-92.9824175,"ChIJrf6yApzRslIRnFPXhGhy6Ew"
"25 Stoltzman Rd, Mankato, MN 56001, USA",44.1592338,-94.0147369,"ChIJP3ATaMc59IcRtD7iBLexZn0"
"2001 Adams St #100, Mankato, MN 56001, USA",44.1699368,-93.946004,"EioyMDAxIEFkYW1zIFN0ICMxMDAsIE1hbmthdG8sIE1OIDU2MDAxLCBVU0EiHxodChYKFAoSCX1ArQ2IOvSHEY1t6uXAYzdJEgMxMDA"
"13770 83rd Way N, Maple Grove, MN 55369, USA",45.1059664,-93.4554335,"ChIJT5WZJOZHs1IR-rT2JxsWMas"
"819 Century Ave N, Maplewood, MN 55119, USA",44.9661392,-92.9854052,"ChIJv8_nhi7TslIRUWFrNXi0Jbo"
"401 Country Club Dr, Marshall, MN 56258, USA",44.4418739,-95.7950333,"ChIJsYaQCHVZiocROVhPbU7rMJk"
"1206 E College Dr, Marshall, MN 56258, USA",44.4498,-95.7716676,"ChIJqU4Fe_1YiocRrNTi9P9E8PA"
"259 MN-65, McGregor, MN 55760, USA",46.6098175,-93.316104,"ChIJ5QSRsWUIsVIRT5iUMgGgXuo"
"208 Co Rd 173, Melrose, MN 56352, USA",45.6647776,-94.8112476,"ChIJg0j9yNi8tVIRwpCWSeaf68w"
"38 County 12 N, Mentor, MN 56736, USA",47.7024499,-96.1481898,"ChIJld9wmJ6wx1IRepn-xC6xhwk"
"415 10th Ave SE, Milaca, MN 56353, USA",45.7584291,-93.6318243,"ChIJV6-fMm6Rs1IRDpPoZRKJIUE"
"4740 Minnehaha Ave, Minneapolis, MN 55406, USA",44.9172314,-93.2138884,"ChIJ3RZ2pAAp9ocRoprnD1ZaZwk"
"4400 E Lake St, Minneapolis, MN 55406, USA",44.9485521,-93.2099242,"ChIJ2cAV8NAp9ocRfgU0wcWfQhU"
"3747 13th Ave S, Minneapolis, MN 55407, USA",44.9342804,-93.2559464,"ChIJdZoQJ3Uo9ocRn6CyuqQrz0M"
"710 NE Lowry Ave, Minneapolis, MN 55418, USA",45.0129787,-93.2517964,"ChIJKbXlRewts1IRNpcWjw58n90"
"4719 Lyndale Ave N, Minneapolis, MN 55412, USA",45.0408799,-93.287185,"ChIJSc-Rl-wxs1IRCY9aMdG7iLQ"
"6014 Portland Ave S, Minneapolis, MN 55417, USA",44.8937974,-93.2681283,"Ei82MDE0IFBvcnRsYW5kIEF2ZSBTLCBNaW5uZWFwb2xpcywgTU4gNTU0MTcsIFVTQSIbEhkKFAoSCRV5n_oZJvaHEQZyj-uk6y8zEP4u"
"800 Nicollet Mall Fl 2, Minneapolis, MN 55402, United States",44.9756253,-93.2738498,"ChIJe6Jb3ZYys1IRisErpDMXrIg"
"12940 Minnetonka Blvd, Hopkins, MN 55305, USA",44.9416833,-93.4440469,"ChIJ9XMZZdwf9ocR1KTZwG_23BU"
"1110 MN-25, Monticello, MN 55362, USA",45.2946699,-93.8013806,"EiUxMTEwIE1OLTI1LCBNb250aWNlbGxvLCBNTiA1NTM2MiwgVVNBIhsSGQoUChIJVdndeBeetFIRxRkYjkdP8MgQ1gg"
"24 8th St S, Fargo, MN 58102, USA",46.8739319,-96.7675807,"ChIJe1La2D7JyFIRybzqNZXRGO0"
"802 30th Ave S, Moorhead, MN 56560, USA",46.8451298,-96.7673438,"ChIJEzsWGLnOyFIRA5Um_2Di7T8"
"91 Arrowhead Ln, Moose Lake, MN 55767, USA",46.4506336,-92.7653248,"ChIJL8QKo3vosVIRtpeh5Z399sM"
"550 MN-65, Mora, MN 55051, USA",45.8711256,-93.290136,"ChIJrzPjIPLJs1IRq7B-PBgJLLc"
"24 Atlantic Ave, Morris, MN 56267, USA",45.5826612,-95.910372,"ChIJL0vcgXKty1IRZoW9dZCrk6s"
"264 US-10, Motley, MN 56466, USA",46.3348786,-94.6461,"EiAyNjQgVVMtMTAsIE1vdGxleSwgTU4gNTY0NjYsIFVTQSIbEhkKFAoSCV95wNA8YrZSEczVvR5ympU5EIgC"
"409 Old Hwy 8 NW, New Brighton, MN 55112, USA",45.0560685,-93.197617,"ChIJ1TAKpM8us1IR3ldfJ0piqfY"
"2200 Silver Lake Rd NW, New Brighton, MN 55112, USA",45.0864233,-93.2194851,"ChIJjzXSw2wvs1IRFXKHLuSjRPw"
"409 4th Ave SW, New Prague, MN 56071, USA",44.5398249,-93.5836816,"ChIJoXTtoNdx9ocRtuANRQ21G24"
"1501 N Broadway St, New Ulm, MN 56073, USA",44.3272943,-94.4747254,"ChIJLdjlivMB9YcRpmAF7G3_hpU"
"25312 Main St, Nisswa, MN 56468, USA",46.5185225,-94.2873101,"ChIJ-STRjRvCtlIRGOz0eRfYDHA"
"38729 14th Ave, North Branch, MN 55056, USA",45.5096964,-92.9904457,"ChIJpQrkX2H3slIR44Hn2vAGIW8"
"2730 16th Ave E, North St Paul, MN 55109, USA",45.0201151,-92.9851331,"ChIJ97gZF8vTslIRfvHdY25KEbg"
"900 MN-3, Northfield, MN 55057, USA",44.4504742,-93.1692431,"EiM5MDAgTU4tMywgTm9ydGhmaWVsZCwgTU4gNTUwNTcsIFVTQSIbEhkKFAoSCf_HMWTdU_aHESX6P6g1zN6UEIQH"
"511 Morse St N, Norwood Young America, MN 55368, USA",44.7728721,-93.9246993,"ChIJe2jqZ-jv9YcR3m-tpHFPmZo"
"1520 W Lincoln Ave, Olivia, MN 56277, USA",44.7768901,-95.0025844,"ChIJLaG3YktS9YcRuflMpWjjTZ8"
"38664 US-169, Onamia, MN 56359, USA",46.1074941,-93.6441239,"ChIJ019b6H3hs1IRKmB2jYql6o8"
"833 US-12, Ortonville, MN 56278, USA",45.2990349,-96.4405063,"EiQ4MzMgVVMtMTIsIE9ydG9udmlsbGUsIE1OIDU2Mjc4LCBVU0EiGxIZChQKEglLXFaCj3zLUhE7u-Md5mY82hDBBg"
"670 W Bridge St, Owatonna, MN 55060, USA",44.0848763,-93.2420606,"ChIJzUb_lcvn9ocRnvA3a6PGfIg"
"809 1st St E, Park Rapids, MN 56470, USA",46.9223385,-95.0459464,"ChIJsfXepe64t1IRehNNC1fKk_Q"
"823 Minnesota St, Paynesville, MN 56362, USA",45.3774822,-94.7275564,"ChIJec-zYtkNtVIR2TNV1ygO0tw"
"1121 S Broadway, Pelican Rapids, MN 56572, USA",46.5580957,-96.082768,"ChIJr7kupWIHyVIR6gXg3U1ykiw"
"30799 Patriot Avenue, Pequot Lakes, MN 56472, USA",46.5985464,-94.3133569,"ChIJ0Wle8lfdtlIRLUqlpnEBSa0"
"802 3rd Ave SE, Perham, MN 56573, USA",46.5853942,-95.5753268,"ChIJH2WdY0bOyVIR8w70UGimHHw"
"1000 Main St S, Pine City, MN 55063, USA",45.8171164,-92.9699451,"ChIJnzu8TO9GslIRHVXrkoDTE-g"
"306 Front St, Pine River, MN 56474, USA",46.716315,-94.400944,"ChIJbXoph5bhtlIRQnzDaCvse3M"
"301 8th Ave SE, Pipestone, MN 56164, USA",43.9981407,-96.3072088,"ChIJA3Fl_Qnci4cRbzUUM9LmIew"
"800 N Wabasha St, Plainview, MN 55964, USA",44.1722562,-92.1659292,"ChIJofjmFxXH-YcRIXsbt4P_6HI"
"4000 Annapolis Ln N, Plymouth, MN 55447, USA",45.0286321,-93.4553179,"ChIJ_624lo5Js1IRfKAgdDj7u6c"
"207 S Rum River Dr, Princeton, MN 55371, USA",45.567635,-93.5804336,"ChIJoeIpxd6ds1IRlP8h5QPcMxI"
"4393 Maplewood St SE, Prior Lake, MN 55372, USA",44.7061235,-93.4311034,"ChIJZSfBOe0V9ocRgoERpWWdzmk"
"815 Main St, Red Wing, MN 55066, USA",44.5636047,-92.5398546,"ChIJcwq4s9SO94cRJrtOFH07AN4"
"1136 E Bridge St, Redwood Falls, MN 56283, USA",44.5409807,-95.1009121,"ChIJi85j8gfLiocRb4dcvdlReIk"
"7533 Lyndale Ave S, Minneapolis, MN 55423, USA",44.8660724,-93.2879732,"ChIJPe4khcUl9ocR_uK_WQ92Jyo"
"16 E 66th St, Richfield, MN 55423, USA",44.8836866,-93.2770872,"ChIJQbUpmAwm9ocRQCHe4sfzXO0"
"2800 W 66th St, Minneapolis, MN 55423, USA",44.8838806,-93.3153248,"ChIJQ_9-Dpkm9ocR9BsVXOm_Nu8"
"4017 W Broadway Ave, Robbinsdale, MN 55422, USA",45.0279416,-93.3356005,"ChIJvVnjUFgxs1IRZSVWG54SHt4"
"538 N Broadway Ave, Rochester, MN 55906, USA",44.0293935,-92.4627519,"ChIJnYI3qn9f94cRaaJ3XcMMrgQ"
"320 12th St SE, Rochester, MN 55904, USA",44.0068253,-92.457691,"ChIJuXXMy-Ph-YcRbFFsMwri9FI"
"4140 E Frontage Rd, Rochester, MN 55901, USA",44.0667913,-92.4977299,"ChIJ77rGBtVf94cRWqsoQIp5TWc"
"52 US-14, Rochester, MN 55902, USA",44.0041202,-92.4785119,"ChIJsXNJWllf94cR-sFHbrMBFeg"
"101 1st Ave SW #9, Rochester, MN 55902, USA",44.0221907,-92.4649735,"EisxMDEgMXN0IEF2ZSBTVyAjOSwgUm9jaGVzdGVyLCBNTiA1NTkwMiwgVVNBIh0aGwoWChQKEgnBQTysfF_3hxF1_VfFrVdYYRIBOQ"
"13560 Rogers Dr, Rogers, MN 55374, USA",45.2006557,-93.5496129,"ChIJ-2App8lDs1IR1Dp3_YzJ1hY"
"1102 3rd St NW, Roseau, MN 56751, USA",48.8475559,-95.7784419,"ChIJ-xzb8g9fv1IRb7u7EoNvTd8"
"15073 Canada Ave W, Rosemount, MN 55068, USA",44.730287,-93.1322917,"ChIJ1z6t04M09ocRnnKR-KpOlVw"
"3070 Lexington Ave N, Roseville, MN 55113, USA",45.0341,-93.1474428,"ChIJNwJsc38ps1IRZm8qtY-CIJM"
"1739 Rice St, Roseville, MN 55113, USA",44.9936805,-93.1063323,"ChIJCRsXzIAqs1IRR8Y9F1ADAnQ"
"1720 Lexington Ave N, Roseville, MN 55113, USA",44.9934687,-93.1461264,"ChIJqaLDugArs1IR2xcvRkYr8sw"
"1595 Highway 36 W, Space 500, Roseville, MN 55113, United States",45.0127961,-93.1734555,"ChIJ2bhgp5Qrs1IRJB3FvgKbGFM"
"624 S Cedar St, Royalton, MN 56373, USA",45.8243448,-94.2881962,"ChIJaRNkEqo4tFIR1sGNXRPSV_Y"
"2612 County Rd 88, St Anthony, MN 55418, USA",45.0146177,-93.2194514,"EiwyNjEyIENvdW50eSBSZCA4OCwgU3QgQW50aG9ueSwgTU4gNTU0MTgsIFVTQSIbEhkKFAoSCRVKRpo2LLNSETqR3vlvq-m3ELQU"
"24 25th Ave S, St Cloud, MN 56301, USA",45.5524426,-94.1873671,"ChIJ8XSQd7pftFIR8H1_v9nD_Wo"
"611 US-10, St Cloud, MN 56304, USA",45.5601175,-94.134008,"ChIJX3jmS1lgtFIR_WXZz9RuGAA"
"4101 W Division St, St Cloud, MN 56301, USA",45.555541,-94.2089268,"ChIJEwffpwVftFIRqYg0R9_iisY"
"1312 7th Ave S, St James, MN 56081, USA",43.9784266,-94.614512,"ChIJObV5pBCT9IcRCiOerhEDciM"
"281 Central Ave E, St Michael, MN 55376, USA",45.2093856,-93.6586238,"ChIJ_SCJDKlds1IRaDcKVaEzoWM"
"450 Lexington Pkwy N, St Paul, MN 55104, USA",44.9545621,-93.1463226,"ChIJqU6bTHgq9ocROvv_BJhLg5k"
"1537 White Bear Ave, St Paul, MN 55106, USA",44.9875706,-93.0254956,"ChIJ3wUsqJzUslIR3J132UPB07s"
"1354 Maryland Ave E, St Paul, MN 55106, USA",44.9771841,-93.0433503,"ChIJP8BV6sHUslIRZS3gvOaNF4o"
"565 Earl St, St Paul, MN 55106, USA",44.9583009,-93.0559948,"ChIJNwREaYDV94cR0w9mNATCYWU"
"Mpls-st Paul Intntl Airport, 3412 Concourse C, St Paul, MN 55111, United States",44.8838521,-93.2076354,"ChIJ__8_Kssu9ocRkA1tIdm1n4c"
"1959 Ford Pkwy, St Paul, MN 55116, USA",44.9182659,-93.183183,"ChIJORWkq3gp9ocRhFzVwTJE8zg"
"850 N Minnesota Ave, St Peter, MN 56082, USA",44.3334995,-93.9499474,"ChIJQSew-NTM9YcRESdk9A61oHs"
"32948 US-14, Sanborn, MN 56083, USA",44.2381066,-95.1293427,"EiMzMjk0OCBVUy0xNCwgU2FuYm9ybiwgTU4gNTYwODMsIFVTQSIcEhoKFAoSCUN_lBXPK4uHEUvuUOMY71ACELSBAg"
"1171 Main St S, Sauk Centre, MN 56378, USA",45.7253205,-94.9513715,"ChIJS2GxrgCUtVIRfhj76tPuQ-w"
"501 N Benton Dr, Sauk Rapids, MN 56379, USA",45.5927233,-94.1718477,"ChIJi96t8gRetFIRnuKujCLpTh0"
"3939 Egan Dr, Savage, MN 55378, USA",44.7458954,-93.3289164,"ChIJP8-rrPI79ocRByj6CQccCAA"
"1251 Tasha Blvd, Shakopee, MN 55379, USA",44.7824526,-93.5057546,"ChIJCT7urrYQ9ocRftbjxKBCbhs"
"8021 Old Carriage Ct, Shakopee, MN 55379, USA",44.7773437,-93.4159659,"ChIJpeE5a2E99ocR6fH80AncPSY"
"4615 Hodgson Rd, Shoreview, MN 55126, USA",45.0810748,-93.1184755,"ChIJLYlJqiUos1IRCZrtebgDldQ"
"617 Main St W, Sleepy Eye, MN 56085, USA",44.2969247,-94.7311078,"ChIJZxsQnf7f9IcRh_y-J_nVlGA"
"602 Southview Blvd, South St Paul, MN 55075, USA",44.8889859,-93.0414439,"ChIJUc2_EnTU94cRROlG7Pp7L1g"
"137 Access Way, Spicer, MN 56288, USA",45.2304803,-94.939259,"ChIJ_49IIIhotVIRFNsxvs8O-qQ"
"300 N Section Ave, Spring Valley, MN 55975, USA",43.6901577,-92.3895196,"ChIJz1_1xFIB-ocReGbkzwQZCbA"
"1100 2nd Ave NE, Staples, MN 56479, USA",46.3551588,-94.7845628,"ChIJnX866hZmtlIRsdzaDJldkiM"
"100 Main St, Starbuck, MN 56381, USA",45.6082647,-95.5314142,"ChIJ1QlfcPdnylIR6XCLhufZBSE"
"920 N Main St, Stewartville, MN 55976, USA",43.8622199,-92.4881228,"ChIJJ-frBENW94cRR4EUJVZUq6Q"
"1600 W Frontage Rd, Stillwater, MN 55082, USA",45.0367311,-92.8277999,"ChIJBRgsWtTLslIRJ9tGLHI-7-s"
"517 Duluth Ave S, Thief River Falls, MN 56701, USA",48.1117631,-96.1850926,"ChIJfywatqoRx1IR1gdLTdJH0mw"
"530 7th Ave, Two Harbors, MN 55616, USA",47.025494,-91.6708199,"ChIJJ6p2QF4Wr1IRbbdk2TUKnXE"
"2120 Arboretum Blvd, Victoria, MN 55386, USA",44.8619936,-93.6713953,"ChIJF6oL4a0G9ocRZtXf9KxG7q4"
"8399 Unity Dr, Virginia, MN 55792, USA",47.5179208,-92.5696665,"ChIJj39FpSJRpVIROImjbuAS0A4"
"8399 Unity Dr, Virginia, MN 55792, USA",47.5179208,-92.5696665,"ChIJj39FpSJRpVIROImjbuAS0A4"
"1000 Shields Ave, Wabasha, MN 55981, USA",44.3766788,-92.0485804,"ChIJl9ysJUqz-YcRbjFaEW26ZlM"
"106 Ash Ave NW, Wadena, MN 56482, USA",46.4430608,-95.1376448,"ChIJNw0bw-M8tlIRrGNGO19YBTQ"
"308 Minnesota Ave W, Walker, MN 56484, USA",47.1020594,-94.579547,"ChIJkQv1l3Jyt1IR2tVAT92E_Co"
"110 W Fletcher Ave, Warren, MN 56762, USA",48.1955236,-96.7726774,"ChIJF72aS3nqxlIRos5px4ufVqg"
"609 Cedar Ave NW, Warroad, MN 56763, USA",48.9136756,-95.3317277,"ChIJ4dk21vY9v1IRl3mUqpdBLlc"
"1904 N State St, Waseca, MN 56093, USA",44.0962041,-93.5066826,"ChIJz2YKPpmW9ocRc49GtXowrVA"
"3574 Shoreline Dr, Wayzata, MN 55391, USA",44.9348317,-93.6139643,"ChIJBes1C4UC9ocRxDWDkoqGwL0"
"210 3rd St NW, Wells, MN 56097, USA",43.7490979,-93.729903,"ChIJmeFuib2q9ocRaYHcGA7Bnf0"
"1110 S Robert St, St Paul, MN 55118, USA",44.9126993,-93.0803455,"ChIJ9Rzz2NzU94cRVmz1QsJHQ0c"
"4047 Hwy 61 N, St Paul, MN 55110, USA",45.0640087,-93.025953,"ChIJ8_22Ci3RslIRSddPHcOjls4"
"2020 US-12, Willmar, MN 56201, USA",45.1200318,-95.0710332,"EiIyMDIwIFVTLTEyLCBXaWxsbWFyLCBNTiA1NjIwMSwgVVNBIhsSGQoUChIJ501iejBftVIRsf8L52TrAhkQ5A8"
"1221 1st St S, Willmar, MN 56201, USA",45.1109766,-95.042232,"ChIJHzAhdjNZtVIRn0VGgqvr-sw"
"1350 1st Ave N, Windom, MN 56101, USA",43.8708445,-95.1140368,"ChIJu7LesE1Mi4cR9eQMNgvCSzU"
"1440 W Broadway St, Winona, MN 55987, USA",44.0533729,-91.6760501,"ChIJ20dgfX1t-YcR8NCsJ488mRY"
"965 Mankato Ave, Winona, MN 55987, USA",44.030582,-91.6230284,"ChIJEYtizkZs-YcRiW6DxJNsYtg"
"103 4th St W, Winthrop, MN 55396, USA",44.5428876,-94.3648344,"ChIJaZa12tKg9YcR2yRkAfuZRbc"
"7450 Currell Blvd, Woodbury, MN 55125, USA",44.9261856,-92.9550814,"ChIJ08otTZ7X94cRBStIHwTV2aY"
"1640 Humiston Ave, Worthington, MN 56187, USA",43.6345212,-95.5926234,"ChIJ46KZWu2CjIcRhoFS726NsZc"
"5111 E Viking Blvd, Wyoming, MN 55092, USA",45.3359206,-93.0022507,"ChIJqdxAutjlslIR_7lSVqetHtk"
"12475 Fremont Ave, Zimmerman, MN 55398, USA",45.443766,-93.5850893,"ChIJs2fTpxNxs1IRZD8urnUr_XU"
"215 E 18th St, Zumbrota, MN 55992, USA",44.2812756,-92.6674763,"ChIJK7FbIiVx94cRC7HnfZkZrr8"
